{
    "value0": {
        "master": 0.20000000298023225,
        "bgm": 0.05000000074505806,
        "se": 0.05000000074505806
    }
}