{
    "value0": {
        "master": 0.10000000149011612,
        "bgm": 0.10000000149011612,
        "se": 0.25
    }
}