{
    "value0": {
        "master": 0.15000000596046449,
        "bgm": 0.05000000074505806,
        "se": 0.05000000074505806
    }
}